Problem Name,LeetCode Link
Fibonacci,https://leetcode.com/problems/climbing-stairs/
Kadane,https://leetcode.com/problems/maximum-subarray/
LCS,https://leetcode.com/problems/longest-common-subsequence/
LIS,https://leetcode.com/problems/longest-increasing-subsequence/
Palindromic Subsequence,https://leetcode.com/problems/longest-palindromic-subsequence/
Edit Distance,https://leetcode.com/problems/edit-distance/
String Partition,https://leetcode.com/problems/optimal-partition-of-string/
0/1 Knapsack,https://leetcode.com/problems/ones-and-zeroes/
Unbounded Knapsack,https://leetcode.com/problems/coin-change-ii/
Subset Sum,https://leetcode.com/problems/partition-equal-subset-sum/
Catalan,https://leetcode.com/problems/unique-binary-search-trees/
Matrix Chain,https://leetcode.com/problems/burst-balloons/
Counting Ways,https://leetcode.com/problems/count-ways-to-build-good-strings/
Grids,https://leetcode.com/problems/unique-paths/
Probability,https://leetcode.com/problems/knight-probability-in-chessboard/
Graphs,https://leetcode.com/problems/shortest-path-in-a-grid-with-obstacles-elimination/
Digits,https://leetcode.com/problems/remove-palindromic-subsequences/
Trees,https://leetcode.com/problems/unique-binary-search-trees/
Bitmasking,https://leetcode.com/problems/partition-string-into-substrings-with-values-at-most-k/
State Machine,https://leetcode.com/problems/painting-a-grid-with-three-different-colors/
